44514,No revision since it is a Sunday
44515,Biology
44516,Maths
44517,German
44518,Physics
44519,DT
44520,Geography
44521,No revision since it is a Sunday
44522,IT
44523,Chemistry
44524,English Language
44525,Biology
44526,Maths
44527,German
44528,No revision since it is a Sunday
44529,DT
44530,Geography
44531,English Literature
44532,IT
44533,Chemistry
44534,English Language
44535,No revision since it is a Sunday
44536,Maths
44537,German
44538,Physics
44539,DT
44540,Geography
44541,English Literature
44542,No revision since it is a Sunday
44543,Chemistry
44544,English Language
44545,Biology
44546,Maths
44547,German
44548,Physics
44549,No revision since it is a Sunday
44550,Geography
44551,English Literature
44552,IT
44553,No revision since it is Christmas
44554,No revision since it is Christmas
44555,No revision since it is Christmas
44556,No revision since it is Christmas
44557,No revision since it is Christmas
44558,Physics
44559,DT
44560,Geography
44561,English Literature
44562,IT
44563,No revision since it is a Sunday
44564,English Language
44565,Biology
44566,Maths
44567,German
44568,Physics
44569,DT
44570,No revision since it is a Sunday
44571,English Literature
44572,IT
44573,Chemistry
44574,English Language
44575,Biology
44576,Maths
44577,No revision since it is a Sunday
44578,Physics
